{"messageId": 156, "messageType": "Prediction", "messageData": {"userId": 5, "timestamp": 1576199749, "messageData": {"ids": [4001, 5003, 8004, 4004, 30001, 9001], "values": [0.28637749, 0.1909584, 0.18034786, 0.16759893, 0.055610415, 0.026778888]}}}